experiment,policy,overall_mean_utility,utility_variance,min_utility,max_utility
2,NE,0.3335,1.02824775,-0.94,2.22
2,AE,-0.173,0.21208100000000005,-1.22,0.3
2,NO,0.11975,0.0191649375,-0.3,0.46
2,PO,0.09475,0.0264974375,-0.36,0.42
2,BA,0.6424999999999998,0.03378375,0.3,1.1
