experiment,policy,overall_mean_utility,utility_variance,min_utility,max_utility
2,NE,-0.7986,0.17688817333333332,-1.5119999999999998,-0.10400000000000002
2,AE,-0.16949999999999996,0.20533975,-1.14,0.28
2,NO,0.057666666666666665,0.017787888888888888,-0.32,0.34
2,PO,0.0785,0.01736775,-0.26,0.4
2,BA,0.7586666666666666,0.06287822222222222,0.28,1.3
